filename,width,height,class,xmin,ymin,xmax,ymax
DPAC_post_roi_4_rgb.jpg,640,512,weeds,144,14,178,38
DPAC_post_roi_4_rgb.jpg,640,512,weeds,222,56,248,78
DPAC_post_roi_4_rgb.jpg,640,512,weeds,172,112,205,139
DPAC_post_roi_4_rgb.jpg,640,512,weeds,240,340,272,363
DPAC_post_roi_4_rgb.jpg,640,512,weeds,566,111,583,132
DPAC_post_roi_4_rgb.jpg,640,512,weeds,611,96,634,119
DPAC_post_roi_4_rgb.jpg,640,512,weeds,491,417,513,436
DPAC_post_roi_4_rgb.jpg,640,512,weeds,625,392,638,413
DPAC_post_roi_4_rgb.jpg,640,512,weeds,583,469,612,484
DPAC_post_roi_4_rgb.jpg,640,512,weeds,68,80,93,109
DPAC_post_roi_4_rgb.jpg,640,512,weeds,78,165,115,222
DPAC_post_roi_4_rgb.jpg,640,512,weeds,196,239,211,253
DPAC_post_roi_4_rgb.jpg,640,512,weeds,555,168,571,205
DPAC_post_roi_4_rgb.jpg,640,512,weeds,26,493,43,512
DPAC_post_roi_4_rgb.jpg,640,512,weeds,10,159,23,181
DPAC_post_roi_4_rgb.jpg,640,512,weeds,528,388,552,402
DPAC_post_roi_4_rgb.jpg,640,512,weeds,422,172,439,193
DPAC_post_roi_11_rgb.jpg,640,512,weeds,552,216,611,269
DPAC_post_roi_11_rgb.jpg,640,512,weeds,434,131,481,167
DPAC_post_roi_11_rgb.jpg,640,512,weeds,609,76,640,103
DPAC_post_roi_11_rgb.jpg,640,512,weeds,281,8,316,33
DPAC_post_roi_11_rgb.jpg,640,512,weeds,317,319,370,377
DPAC_post_roi_11_rgb.jpg,640,512,weeds,70,207,124,249
DPAC_post_roi_11_rgb.jpg,640,512,weeds,164,79,217,131
DPAC_post_roi_11_rgb.jpg,640,512,weeds,5,33,45,71
DPAC_post_roi_11_rgb.jpg,640,512,weeds,372,7,399,28
DPAC_post_roi_24_rgb.jpg,640,512,weeds,588,51,614,77
DPAC_post_roi_24_rgb.jpg,640,512,weeds,572,445,620,486
DPAC_post_roi_24_rgb.jpg,640,512,weeds,347,389,391,418
DPAC_post_roi_7_rgb.jpg,640,512,weeds,263,125,293,151
DPAC_post_roi_7_rgb.jpg,640,512,weeds,120,358,150,380
DPAC_post_roi_7_rgb.jpg,640,512,weeds,584,63,607,81
DPAC_post_roi_7_rgb.jpg,640,512,weeds,561,36,583,52
DPAC_post_roi_7_rgb.jpg,640,512,weeds,481,213,497,231
DPAC_post_roi_7_rgb.jpg,640,512,weeds,419,277,433,294
DPAC_post_roi_7_rgb.jpg,640,512,weeds,554,76,567,88
DPAC_post_roi_16_rgb.jpg,640,512,weeds,428,137,479,177
DPAC_post_roi_16_rgb.jpg,640,512,weeds,597,122,636,162
DPAC_post_roi_16_rgb.jpg,640,512,weeds,351,303,390,323
DPAC_post_roi_16_rgb.jpg,640,512,weeds,396,46,415,73
DPAC_post_roi_16_rgb.jpg,640,512,weeds,23,52,63,75
DPAC_post_roi_10_rgb.jpg,640,512,weeds,369,15,424,61
DPAC_post_roi_10_rgb.jpg,640,512,weeds,534,3,601,48
DPAC_post_roi_10_rgb.jpg,640,512,weeds,284,189,337,232
DPAC_post_roi_14_rgb.jpg,640,512,weeds,600,343,625,385
DPAC_post_roi_14_rgb.jpg,640,512,weeds,1,242,17,256
DPAC_post_roi_14_rgb.jpg,640,512,weeds,320,3,339,28
DPAC_post_roi_25_rgb.jpg,640,512,weeds,418,363,457,415
DPAC_post_roi_25_rgb.jpg,640,512,weeds,537,412,638,510
DPAC_post_roi_25_rgb.jpg,640,512,weeds,607,259,638,297
DPAC_post_roi_25_rgb.jpg,640,512,weeds,553,65,580,80
DPAC_post_roi_25_rgb.jpg,640,512,weeds,510,296,533,311
DPAC_post_roi_28_rgb.jpg,640,512,weeds,80,50,107,71
DPAC_post_roi_28_rgb.jpg,640,512,weeds,149,85,174,106
DPAC_post_roi_28_rgb.jpg,640,512,weeds,227,108,251,129
DPAC_post_roi_28_rgb.jpg,640,512,weeds,259,128,279,146
DPAC_post_roi_28_rgb.jpg,640,512,weeds,302,142,320,161
DPAC_post_roi_28_rgb.jpg,640,512,weeds,327,1,352,42
DPAC_post_roi_28_rgb.jpg,640,512,weeds,358,22,378,42
DPAC_post_roi_28_rgb.jpg,640,512,weeds,389,47,425,68
DPAC_post_roi_28_rgb.jpg,640,512,weeds,458,89,483,103
DPAC_post_roi_28_rgb.jpg,640,512,weeds,390,203,412,228
DPAC_post_roi_28_rgb.jpg,640,512,weeds,441,180,463,198
DPAC_post_roi_28_rgb.jpg,640,512,weeds,419,133,451,152
DPAC_post_roi_28_rgb.jpg,640,512,weeds,371,152,395,173
DPAC_post_roi_28_rgb.jpg,640,512,weeds,325,97,348,117
DPAC_post_roi_28_rgb.jpg,640,512,weeds,621,2,639,46
DPAC_post_roi_28_rgb.jpg,640,512,weeds,505,101,527,127
DPAC_post_roi_28_rgb.jpg,640,512,weeds,476,121,518,136
DPAC_post_roi_28_rgb.jpg,640,512,weeds,478,300,502,323
DPAC_post_roi_28_rgb.jpg,640,512,weeds,542,247,586,269
DPAC_post_roi_28_rgb.jpg,640,512,weeds,565,357,583,380
DPAC_post_roi_28_rgb.jpg,640,512,weeds,577,408,612,446
DPAC_post_roi_28_rgb.jpg,640,512,weeds,508,444,526,464
DPAC_post_roi_28_rgb.jpg,640,512,weeds,619,437,637,467
DPAC_post_roi_28_rgb.jpg,640,512,weeds,381,396,408,416
DPAC_post_roi_28_rgb.jpg,640,512,weeds,341,430,362,445
DPAC_post_roi_28_rgb.jpg,640,512,weeds,319,485,334,503
DPAC_post_roi_28_rgb.jpg,640,512,weeds,170,464,192,476
DPAC_post_roi_28_rgb.jpg,640,512,weeds,187,445,212,458
DPAC_post_roi_28_rgb.jpg,640,512,weeds,235,339,258,355
DPAC_post_roi_28_rgb.jpg,640,512,weeds,25,423,49,442
DPAC_post_roi_28_rgb.jpg,640,512,weeds,33,498,52,512
DPAC_post_roi_28_rgb.jpg,640,512,weeds,112,388,139,409
DPAC_post_roi_28_rgb.jpg,640,512,weeds,85,307,107,326
DPAC_post_roi_28_rgb.jpg,640,512,weeds,164,255,199,287
DPAC_post_roi_28_rgb.jpg,640,512,weeds,108,231,156,268
DPAC_post_roi_28_rgb.jpg,640,512,weeds,330,282,355,306
DPAC_post_roi_28_rgb.jpg,640,512,weeds,367,328,407,355
DPAC_post_roi_28_rgb.jpg,640,512,weeds,272,395,296,411
DPAC_post_roi_28_rgb.jpg,640,512,weeds,347,242,383,272
DPAC_post_roi_28_rgb.jpg,640,512,weeds,415,226,435,270
DPAC_post_roi_28_rgb.jpg,640,512,weeds,272,256,336,286
DPAC_post_roi_28_rgb.jpg,640,512,weeds,295,62,312,80
DPAC_post_roi_28_rgb.jpg,640,512,weeds,465,32,487,47
DPAC_post_roi_28_rgb.jpg,640,512,weeds,533,35,549,53
DPAC_post_roi_28_rgb.jpg,640,512,weeds,584,44,592,59
DPAC_post_roi_28_rgb.jpg,640,512,weeds,594,71,607,92
DPAC_post_roi_28_rgb.jpg,640,512,weeds,59,160,105,215
DPAC_post_roi_28_rgb.jpg,640,512,weeds,556,425,573,443
DPAC_post_roi_28_rgb.jpg,640,512,weeds,549,472,573,487
DPAC_post_roi_28_rgb.jpg,640,512,weeds,148,187,164,203
DPAC_post_roi_28_rgb.jpg,640,512,weeds,234,157,258,175
DPAC_post_roi_28_rgb.jpg,640,512,weeds,221,296,235,308
DPAC_post_roi_28_rgb.jpg,640,512,weeds,180,310,205,327
DPAC_post_roi_28_rgb.jpg,640,512,weeds,61,439,98,466
DPAC_post_roi_28_rgb.jpg,640,512,weeds,536,195,556,210
DPAC_post_roi_28_rgb.jpg,640,512,weeds,616,337,640,347
DPAC_post_roi_28_rgb.jpg,640,512,weeds,216,190,230,200
DPAC_post_roi_23_rgb.jpg,640,512,weeds,560,286,613,326
DPAC_post_roi_23_rgb.jpg,640,512,weeds,137,393,167,423
DPAC_post_roi_23_rgb.jpg,640,512,weeds,334,231,370,255
DPAC_post_roi_8_rgb.jpg,640,512,weeds,567,40,594,70
DPAC_post_roi_8_rgb.jpg,640,512,weeds,252,17,270,35
DPAC_post_roi_8_rgb.jpg,640,512,weeds,351,1,368,13
DPAC_post_roi_8_rgb.jpg,640,512,weeds,613,2,633,14
DPAC_post_roi_8_rgb.jpg,640,512,weeds,198,220,226,247
DPAC_post_roi_8_rgb.jpg,640,512,weeds,163,274,178,290
DPAC_post_roi_8_rgb.jpg,640,512,weeds,41,299,58,317
DPAC_post_roi_8_rgb.jpg,640,512,weeds,293,342,315,364
DPAC_post_roi_8_rgb.jpg,640,512,weeds,264,457,281,478
DPAC_post_roi_8_rgb.jpg,640,512,weeds,176,383,199,410
DPAC_post_roi_8_rgb.jpg,640,512,weeds,243,385,270,408
DPAC_post_roi_8_rgb.jpg,640,512,weeds,224,354,248,376
DPAC_post_roi_8_rgb.jpg,640,512,weeds,208,416,227,434
DPAC_post_roi_8_rgb.jpg,640,512,weeds,315,424,333,442
DPAC_post_roi_8_rgb.jpg,640,512,weeds,590,452,640,511
DPAC_post_roi_8_rgb.jpg,640,512,weeds,309,213,322,228
DPAC_post_roi_8_rgb.jpg,640,512,weeds,350,213,366,227
DPAC_post_roi_8_rgb.jpg,640,512,weeds,381,313,402,328
DPAC_post_roi_8_rgb.jpg,640,512,weeds,550,434,576,478
DPAC_post_roi_8_rgb.jpg,640,512,weeds,90,432,110,447
DPAC_post_roi_8_rgb.jpg,640,512,weeds,589,187,610,222
DPAC_post_roi_8_rgb.jpg,640,512,weeds,570,375,591,389
DPAC_post_roi_8_rgb.jpg,640,512,weeds,497,205,518,231
DPAC_post_roi_8_rgb.jpg,640,512,weeds,324,242,337,259
DPAC_post_roi_8_rgb.jpg,640,512,weeds,481,475,506,494
DPAC_post_roi_8_rgb.jpg,640,512,weeds,392,142,409,159
DPAC_post_roi_34_rgb.jpg,640,512,weeds,343,94,389,130
DPAC_post_roi_34_rgb.jpg,640,512,weeds,439,423,517,496
DPAC_post_roi_34_rgb.jpg,640,512,weeds,563,286,584,303
DPAC_post_roi_34_rgb.jpg,640,512,weeds,100,112,129,124
DPAC_post_roi_34_rgb.jpg,640,512,weeds,105,18,115,38
DPAC_post_roi_30_rgb.jpg,640,512,weeds,423,308,452,333
DPAC_post_roi_30_rgb.jpg,640,512,weeds,600,331,636,369
DPAC_post_roi_30_rgb.jpg,640,512,weeds,530,181,561,210
DPAC_post_roi_30_rgb.jpg,640,512,weeds,539,146,567,164
DPAC_post_roi_30_rgb.jpg,640,512,weeds,7,414,37,438
DPAC_post_roi_30_rgb.jpg,640,512,weeds,411,422,439,448
DPAC_post_roi_35_rgb.jpg,640,512,weeds,260,442,274,453
DPAC_post_roi_35_rgb.jpg,640,512,weeds,246,459,263,472
DPAC_post_roi_35_rgb.jpg,640,512,weeds,187,457,204,474
DPAC_post_roi_35_rgb.jpg,640,512,weeds,184,490,200,505
DPAC_post_roi_35_rgb.jpg,640,512,weeds,449,444,469,461
DPAC_post_roi_35_rgb.jpg,640,512,weeds,115,480,135,494
DPAC_post_roi_35_rgb.jpg,640,512,weeds,12,473,28,491
DPAC_post_roi_35_rgb.jpg,640,512,weeds,551,345,566,366
DPAC_post_roi_35_rgb.jpg,640,512,weeds,580,362,599,381
DPAC_post_roi_35_rgb.jpg,640,512,weeds,549,265,574,278
DPAC_post_roi_35_rgb.jpg,640,512,weeds,626,188,636,205
DPAC_post_roi_35_rgb.jpg,640,512,weeds,469,331,484,342
DPAC_post_roi_35_rgb.jpg,640,512,weeds,195,89,208,100
DPAC_post_roi_2_rgb.jpg,640,512,weeds,210,150,306,216
DPAC_post_roi_2_rgb.jpg,640,512,weeds,431,189,462,211
DPAC_post_roi_13_rgb.jpg,640,512,weeds,74,493,110,512
DPAC_post_roi_13_rgb.jpg,640,512,weeds,144,271,199,325
DPAC_post_roi_13_rgb.jpg,640,512,weeds,10,328,31,370
DPAC_post_roi_13_rgb.jpg,640,512,weeds,299,191,330,206
DPAC_post_roi_13_rgb.jpg,640,512,weeds,341,429,358,457
DPAC_post_roi_13_rgb.jpg,640,512,weeds,464,434,492,456
DPAC_post_roi_13_rgb.jpg,640,512,weeds,606,489,626,512
DPAC_post_roi_13_rgb.jpg,640,512,weeds,523,415,546,433
DPAC_post_roi_13_rgb.jpg,640,512,weeds,451,384,478,407
DPAC_post_roi_13_rgb.jpg,640,512,weeds,431,340,449,357
DPAC_post_roi_13_rgb.jpg,640,512,weeds,476,303,494,327
DPAC_post_roi_13_rgb.jpg,640,512,weeds,487,339,538,368
DPAC_post_roi_13_rgb.jpg,640,512,weeds,610,360,626,377
DPAC_post_roi_13_rgb.jpg,640,512,weeds,454,274,477,295
DPAC_post_roi_13_rgb.jpg,640,512,weeds,581,202,618,220
DPAC_post_roi_13_rgb.jpg,640,512,weeds,554,313,566,333
DPAC_post_roi_13_rgb.jpg,640,512,weeds,496,4,519,25
DPAC_post_roi_32_rgb.jpg,640,512,weeds,363,313,397,331
DPAC_post_roi_32_rgb.jpg,640,512,weeds,347,346,378,366
DPAC_post_roi_32_rgb.jpg,640,512,weeds,245,379,273,395
DPAC_post_roi_32_rgb.jpg,640,512,weeds,335,407,364,425
DPAC_post_roi_32_rgb.jpg,640,512,weeds,289,426,311,447
DPAC_post_roi_32_rgb.jpg,640,512,weeds,495,369,515,386
DPAC_post_roi_32_rgb.jpg,640,512,weeds,555,365,564,386
DPAC_post_roi_32_rgb.jpg,640,512,weeds,572,435,589,449
DPAC_post_roi_32_rgb.jpg,640,512,weeds,493,497,521,512
DPAC_post_roi_32_rgb.jpg,640,512,weeds,32,336,45,349
DPAC_post_roi_32_rgb.jpg,640,512,weeds,496,144,522,169
DPAC_post_roi_32_rgb.jpg,640,512,weeds,465,67,481,80
DPAC_post_roi_32_rgb.jpg,640,512,weeds,528,47,546,61
DPAC_post_roi_32_rgb.jpg,640,512,weeds,521,206,549,225
DPAC_post_roi_32_rgb.jpg,640,512,weeds,579,217,597,232
DPAC_post_roi_32_rgb.jpg,640,512,weeds,597,291,611,312
DPAC_post_roi_32_rgb.jpg,640,512,weeds,627,28,640,51
DPAC_post_roi_38_rgb.jpg,640,512,weeds,524,452,578,474
DPAC_post_roi_38_rgb.jpg,640,512,weeds,407,450,466,476
DPAC_post_roi_38_rgb.jpg,640,512,weeds,545,81,580,112
DPAC_post_roi_38_rgb.jpg,640,512,weeds,602,37,626,62
DPAC_post_roi_38_rgb.jpg,640,512,weeds,325,1,369,14
DPAC_post_roi_38_rgb.jpg,640,512,weeds,453,303,472,333
DPAC_post_roi_38_rgb.jpg,640,512,weeds,550,295,580,311
DPAC_post_roi_38_rgb.jpg,640,512,weeds,582,394,605,415
DPAC_post_roi_38_rgb.jpg,640,512,weeds,392,255,419,271
DPAC_post_roi_38_rgb.jpg,640,512,weeds,103,6,142,23
DPAC_post_roi_38_rgb.jpg,640,512,weeds,244,494,272,512
DPAC_post_roi_31_rgb.jpg,640,512,weeds,601,484,624,507
DPAC_post_roi_19_rgb.jpg,640,512,weeds,1,22,15,55
DPAC_post_roi_19_rgb.jpg,640,512,weeds,57,2,91,11
DPAC_post_roi_19_rgb.jpg,640,512,weeds,190,97,217,121
DPAC_post_roi_19_rgb.jpg,640,512,weeds,47,94,75,112
DPAC_post_roi_19_rgb.jpg,640,512,weeds,23,172,48,193
DPAC_post_roi_19_rgb.jpg,640,512,weeds,88,152,111,166
DPAC_post_roi_19_rgb.jpg,640,512,weeds,122,195,149,214
DPAC_post_roi_19_rgb.jpg,640,512,weeds,192,225,211,240
DPAC_post_roi_19_rgb.jpg,640,512,weeds,115,261,131,274
DPAC_post_roi_19_rgb.jpg,640,512,weeds,203,371,237,398
DPAC_post_roi_19_rgb.jpg,640,512,weeds,504,353,536,371
DPAC_post_roi_19_rgb.jpg,640,512,weeds,599,327,621,352
DPAC_post_roi_19_rgb.jpg,640,512,weeds,532,479,562,495
DPAC_post_roi_19_rgb.jpg,640,512,weeds,321,492,342,510
DPAC_post_roi_19_rgb.jpg,640,512,weeds,567,108,593,124
DPAC_post_roi_19_rgb.jpg,640,512,weeds,605,139,628,158
DPAC_post_roi_19_rgb.jpg,640,512,weeds,589,167,611,187
DPAC_post_roi_19_rgb.jpg,640,512,weeds,627,187,640,207
DPAC_post_roi_19_rgb.jpg,640,512,weeds,568,194,589,214
DPAC_post_roi_19_rgb.jpg,640,512,weeds,467,141,486,160
DPAC_post_roi_19_rgb.jpg,640,512,weeds,518,153,536,174
DPAC_post_roi_19_rgb.jpg,640,512,weeds,587,6,603,24
DPAC_post_roi_19_rgb.jpg,640,512,weeds,561,48,586,65
DPAC_post_roi_19_rgb.jpg,640,512,weeds,452,1,468,17
DPAC_post_roi_19_rgb.jpg,640,512,weeds,383,1,406,12
DPAC_post_roi_19_rgb.jpg,640,512,weeds,556,272,582,297
DPAC_post_roi_19_rgb.jpg,640,512,weeds,12,284,30,334
DPAC_post_roi_19_rgb.jpg,640,512,weeds,512,83,539,109
DPAC_post_roi_19_rgb.jpg,640,512,weeds,543,1,572,14
DPAC_post_roi_19_rgb.jpg,640,512,weeds,591,83,603,92
DPAC_post_roi_19_rgb.jpg,640,512,weeds,361,273,383,288
DPAC_post_roi_19_rgb.jpg,640,512,weeds,573,407,591,419
DPAC_post_roi_19_rgb.jpg,640,512,weeds,14,470,50,512
DPAC_post_roi_19_rgb.jpg,640,512,weeds,298,447,318,466
DPAC_post_roi_29_rgb.jpg,640,512,weeds,85,472,128,504
DPAC_post_roi_29_rgb.jpg,640,512,weeds,323,468,347,490
DPAC_post_roi_29_rgb.jpg,640,512,weeds,358,478,380,503
DPAC_post_roi_29_rgb.jpg,640,512,weeds,357,442,377,457
DPAC_post_roi_29_rgb.jpg,640,512,weeds,388,428,417,467
DPAC_post_roi_29_rgb.jpg,640,512,weeds,443,432,459,446
DPAC_post_roi_29_rgb.jpg,640,512,weeds,464,465,491,486
DPAC_post_roi_29_rgb.jpg,640,512,weeds,496,491,517,510
DPAC_post_roi_29_rgb.jpg,640,512,weeds,512,438,538,460
DPAC_post_roi_29_rgb.jpg,640,512,weeds,472,372,500,405
DPAC_post_roi_29_rgb.jpg,640,512,weeds,308,316,322,336
DPAC_post_roi_29_rgb.jpg,640,512,weeds,398,166,415,194
DPAC_post_roi_29_rgb.jpg,640,512,weeds,597,107,616,134
DPAC_post_roi_29_rgb.jpg,640,512,weeds,581,172,603,195
DPAC_post_roi_29_rgb.jpg,640,512,weeds,550,151,580,167
DPAC_post_roi_29_rgb.jpg,640,512,weeds,551,287,565,303
DPAC_post_roi_29_rgb.jpg,640,512,weeds,344,1,372,13
DPAC_post_roi_29_rgb.jpg,640,512,weeds,1,263,15,305
DPAC_post_roi_29_rgb.jpg,640,512,weeds,1,204,19,221
DPAC_post_roi_29_rgb.jpg,640,512,weeds,240,209,258,225
DPAC_post_roi_29_rgb.jpg,640,512,weeds,178,177,200,184
DPAC_post_roi_29_rgb.jpg,640,512,weeds,17,322,34,337
DPAC_post_roi_29_rgb.jpg,640,512,weeds,46,283,66,300
DPAC_post_roi_29_rgb.jpg,640,512,weeds,11,95,32,125
DPAC_post_roi_29_rgb.jpg,640,512,weeds,268,400,291,426
DPAC_post_roi_26_rgb.jpg,640,512,weeds,302,322,323,334
DPAC_post_roi_26_rgb.jpg,640,512,weeds,364,354,391,371
DPAC_post_roi_26_rgb.jpg,640,512,weeds,312,488,382,509
DPAC_post_roi_26_rgb.jpg,640,512,weeds,77,404,107,428
DPAC_post_roi_26_rgb.jpg,640,512,weeds,170,282,188,312
DPAC_post_roi_26_rgb.jpg,640,512,weeds,558,269,579,286
DPAC_post_roi_26_rgb.jpg,640,512,weeds,606,283,623,303
DPAC_post_roi_26_rgb.jpg,640,512,weeds,523,152,547,169
DPAC_post_roi_26_rgb.jpg,640,512,weeds,543,194,580,229
DPAC_post_roi_26_rgb.jpg,640,512,weeds,598,207,613,224
DPAC_post_roi_26_rgb.jpg,640,512,weeds,593,2,619,14
DPAC_post_roi_26_rgb.jpg,640,512,weeds,81,290,106,306
DPAC_post_roi_15_rgb.jpg,640,512,weeds,611,279,639,312
DPAC_post_roi_15_rgb.jpg,640,512,weeds,400,415,431,444
DPAC_post_roi_15_rgb.jpg,640,512,weeds,432,341,456,361
DPAC_post_roi_15_rgb.jpg,640,512,weeds,476,349,497,366
DPAC_post_roi_15_rgb.jpg,640,512,weeds,452,428,469,444
DPAC_post_roi_15_rgb.jpg,640,512,weeds,400,183,428,214
DPAC_post_roi_15_rgb.jpg,640,512,weeds,514,146,537,163
DPAC_post_roi_15_rgb.jpg,640,512,weeds,536,213,559,239
DPAC_post_roi_15_rgb.jpg,640,512,weeds,489,243,514,259
DPAC_post_roi_15_rgb.jpg,640,512,weeds,454,188,485,207
DPAC_post_roi_15_rgb.jpg,640,512,weeds,579,246,596,288
DPAC_post_roi_15_rgb.jpg,640,512,weeds,529,336,556,354
DPAC_post_roi_15_rgb.jpg,640,512,weeds,596,19,613,34
DPAC_post_roi_15_rgb.jpg,640,512,weeds,592,2,612,12
DPAC_post_roi_15_rgb.jpg,640,512,weeds,528,9,540,17
DPAC_post_roi_15_rgb.jpg,640,512,weeds,593,356,613,366
DPAC_post_roi_15_rgb.jpg,640,512,weeds,258,457,275,469
DPAC_post_roi_5_rgb.jpg,640,512,weeds,429,272,532,353
DPAC_post_roi_5_rgb.jpg,640,512,weeds,571,217,593,236
DPAC_post_roi_5_rgb.jpg,640,512,weeds,531,147,552,170
DPAC_post_roi_5_rgb.jpg,640,512,weeds,554,1,575,16
DPAC_post_roi_5_rgb.jpg,640,512,weeds,624,13,635,26
DPAC_post_roi_21_rgb.jpg,640,512,weeds,593,191,627,223
DPAC_post_roi_21_rgb.jpg,640,512,weeds,575,63,599,87
DPAC_post_roi_21_rgb.jpg,640,512,weeds,627,106,640,146
DPAC_post_roi_21_rgb.jpg,640,512,weeds,301,107,332,140
DPAC_post_roi_21_rgb.jpg,640,512,weeds,585,284,640,363
DPAC_post_roi_21_rgb.jpg,640,512,weeds,462,439,494,465
DPAC_post_roi_21_rgb.jpg,640,512,weeds,473,369,497,391
DPAC_post_roi_21_rgb.jpg,640,512,weeds,476,282,505,304
DPAC_post_roi_21_rgb.jpg,640,512,weeds,545,215,575,240
DPAC_post_roi_21_rgb.jpg,640,512,weeds,514,43,535,64
DPAC_post_roi_21_rgb.jpg,640,512,weeds,388,374,415,400
DPAC_post_roi_21_rgb.jpg,640,512,weeds,500,329,523,347
DPAC_post_roi_21_rgb.jpg,640,512,weeds,297,455,319,476
DPAC_post_roi_21_rgb.jpg,640,512,weeds,246,423,271,443
DPAC_post_roi_21_rgb.jpg,640,512,weeds,160,343,188,362
DPAC_post_roi_21_rgb.jpg,640,512,weeds,121,374,145,386
DPAC_post_roi_21_rgb.jpg,640,512,weeds,208,461,233,474
DPAC_post_roi_21_rgb.jpg,640,512,weeds,200,153,226,171
DPAC_post_roi_21_rgb.jpg,640,512,weeds,319,32,337,51
DPAC_post_roi_21_rgb.jpg,640,512,weeds,628,376,640,402
DPAC_post_roi_21_rgb.jpg,640,512,weeds,17,142,36,158
DPAC_post_roi_21_rgb.jpg,640,512,weeds,57,66,71,82
DPAC_post_roi_21_rgb.jpg,640,512,weeds,61,454,86,465
DPAC_post_roi_21_rgb.jpg,640,512,weeds,382,306,400,325
DPAC_post_roi_9_rgb.jpg,640,512,weeds,49,66,82,86
DPAC_post_roi_9_rgb.jpg,640,512,weeds,115,106,136,124
DPAC_post_roi_9_rgb.jpg,640,512,weeds,139,82,163,103
DPAC_post_roi_9_rgb.jpg,640,512,weeds,264,222,314,269
DPAC_post_roi_9_rgb.jpg,640,512,weeds,325,446,349,469
DPAC_post_roi_9_rgb.jpg,640,512,weeds,69,356,95,383
DPAC_post_roi_9_rgb.jpg,640,512,weeds,126,296,149,317
DPAC_post_roi_9_rgb.jpg,640,512,weeds,14,188,32,211
DPAC_post_roi_9_rgb.jpg,640,512,weeds,357,72,379,96
DPAC_post_roi_9_rgb.jpg,640,512,weeds,450,40,481,83
DPAC_post_roi_9_rgb.jpg,640,512,weeds,555,14,593,37
DPAC_post_roi_9_rgb.jpg,640,512,weeds,471,178,503,207
DPAC_post_roi_9_rgb.jpg,640,512,weeds,433,368,476,405
DPAC_post_roi_9_rgb.jpg,640,512,weeds,497,482,535,512
DPAC_post_roi_9_rgb.jpg,640,512,weeds,548,452,570,477
DPAC_post_roi_9_rgb.jpg,640,512,weeds,566,474,583,495
DPAC_post_roi_9_rgb.jpg,640,512,weeds,517,229,531,242
DPAC_post_roi_9_rgb.jpg,640,512,weeds,512,245,528,263
DPAC_post_roi_9_rgb.jpg,640,512,weeds,551,227,579,248
DPAC_post_roi_9_rgb.jpg,640,512,weeds,601,139,626,164
DPAC_post_roi_9_rgb.jpg,640,512,weeds,623,319,640,361
DPAC_post_roi_9_rgb.jpg,640,512,weeds,413,468,456,505
DPAC_post_roi_9_rgb.jpg,640,512,weeds,334,484,365,508
DPAC_post_roi_9_rgb.jpg,640,512,weeds,410,300,432,316
DPAC_post_roi_17_rgb.jpg,640,512,weeds,38,347,89,390
DPAC_post_roi_17_rgb.jpg,640,512,weeds,190,355,233,382
DPAC_post_roi_17_rgb.jpg,640,512,weeds,488,346,510,380
DPAC_post_roi_17_rgb.jpg,640,512,weeds,141,109,188,145
DPAC_post_roi_36_rgb.jpg,640,512,weeds,414,307,466,330
DPAC_post_roi_36_rgb.jpg,640,512,weeds,476,451,518,484
DPAC_post_roi_36_rgb.jpg,640,512,weeds,225,465,288,489
DPAC_post_roi_36_rgb.jpg,640,512,weeds,231,322,276,345
DPAC_post_roi_3_rgb.jpg,640,512,weeds,473,53,508,86
DPAC_post_roi_3_rgb.jpg,640,512,weeds,465,111,482,137
DPAC_post_roi_3_rgb.jpg,640,512,weeds,9,125,26,143
DPAC_post_roi_3_rgb.jpg,640,512,weeds,9,195,37,216
DPAC_post_roi_27_rgb.jpg,640,512,weeds,88,67,114,87
DPAC_post_roi_27_rgb.jpg,640,512,weeds,127,86,163,118
DPAC_post_roi_27_rgb.jpg,640,512,weeds,193,170,218,189
DPAC_post_roi_27_rgb.jpg,640,512,weeds,210,90,241,117
DPAC_post_roi_27_rgb.jpg,640,512,weeds,194,1,229,18
DPAC_post_roi_27_rgb.jpg,640,512,weeds,228,34,255,55
DPAC_post_roi_27_rgb.jpg,640,512,weeds,292,37,311,65
DPAC_post_roi_27_rgb.jpg,640,512,weeds,285,16,310,35
DPAC_post_roi_27_rgb.jpg,640,512,weeds,360,21,402,46
DPAC_post_roi_27_rgb.jpg,640,512,weeds,349,42,392,77
DPAC_post_roi_27_rgb.jpg,640,512,weeds,491,1,535,30
DPAC_post_roi_27_rgb.jpg,640,512,weeds,440,65,473,106
DPAC_post_roi_27_rgb.jpg,640,512,weeds,505,69,530,95
DPAC_post_roi_27_rgb.jpg,640,512,weeds,546,77,587,118
DPAC_post_roi_27_rgb.jpg,640,512,weeds,618,3,640,22
DPAC_post_roi_27_rgb.jpg,640,512,weeds,564,24,588,47
DPAC_post_roi_27_rgb.jpg,640,512,weeds,372,188,408,221
DPAC_post_roi_27_rgb.jpg,640,512,weeds,443,182,482,219
DPAC_post_roi_27_rgb.jpg,640,512,weeds,504,151,547,186
DPAC_post_roi_27_rgb.jpg,640,512,weeds,342,240,363,262
DPAC_post_roi_27_rgb.jpg,640,512,weeds,346,301,376,327
DPAC_post_roi_27_rgb.jpg,640,512,weeds,302,337,354,387
DPAC_post_roi_27_rgb.jpg,640,512,weeds,195,285,226,312
DPAC_post_roi_27_rgb.jpg,640,512,weeds,120,242,145,261
DPAC_post_roi_27_rgb.jpg,640,512,weeds,56,228,80,256
DPAC_post_roi_27_rgb.jpg,640,512,weeds,126,292,165,314
DPAC_post_roi_27_rgb.jpg,640,512,weeds,5,342,27,368
DPAC_post_roi_27_rgb.jpg,640,512,weeds,6,420,32,456
DPAC_post_roi_27_rgb.jpg,640,512,weeds,103,422,130,452
DPAC_post_roi_27_rgb.jpg,640,512,weeds,61,446,85,471
DPAC_post_roi_27_rgb.jpg,640,512,weeds,1,458,27,482
DPAC_post_roi_27_rgb.jpg,640,512,weeds,239,448,262,466
DPAC_post_roi_27_rgb.jpg,640,512,weeds,284,461,316,486
DPAC_post_roi_27_rgb.jpg,640,512,weeds,324,410,343,431
DPAC_post_roi_27_rgb.jpg,640,512,weeds,349,490,368,512
DPAC_post_roi_27_rgb.jpg,640,512,weeds,390,486,416,510
DPAC_post_roi_27_rgb.jpg,640,512,weeds,412,105,430,119
DPAC_post_roi_27_rgb.jpg,640,512,weeds,382,124,399,142
DPAC_post_roi_27_rgb.jpg,640,512,weeds,247,346,267,368
DPAC_post_roi_27_rgb.jpg,640,512,weeds,612,144,633,167
DPAC_post_roi_27_rgb.jpg,640,512,weeds,594,179,622,198
DPAC_post_roi_27_rgb.jpg,640,512,weeds,565,335,581,352
DPAC_post_roi_27_rgb.jpg,640,512,weeds,507,484,532,510
DPAC_post_roi_27_rgb.jpg,640,512,weeds,428,446,452,469
DPAC_post_roi_27_rgb.jpg,640,512,weeds,19,373,43,388
DPAC_post_roi_27_rgb.jpg,640,512,weeds,284,194,314,217
DPAC_post_roi_27_rgb.jpg,640,512,weeds,152,190,168,203
DPAC_post_roi_27_rgb.jpg,640,512,weeds,139,1,181,4
DPAC_post_roi_33_rgb.jpg,640,512,weeds,118,242,150,270
DPAC_post_roi_33_rgb.jpg,640,512,weeds,35,331,70,362
DPAC_post_roi_33_rgb.jpg,640,512,weeds,99,350,131,381
DPAC_post_roi_33_rgb.jpg,640,512,weeds,142,320,167,340
DPAC_post_roi_33_rgb.jpg,640,512,weeds,180,342,215,368
DPAC_post_roi_33_rgb.jpg,640,512,weeds,211,374,247,405
DPAC_post_roi_33_rgb.jpg,640,512,weeds,18,438,50,467
DPAC_post_roi_33_rgb.jpg,640,512,weeds,38,474,67,497
DPAC_post_roi_33_rgb.jpg,640,512,weeds,405,483,460,508
DPAC_post_roi_33_rgb.jpg,640,512,weeds,132,9,179,31
DPAC_post_roi_33_rgb.jpg,640,512,weeds,36,186,63,206
DPAC_post_roi_18_rgb.jpg,640,512,weeds,95,1,122,19
DPAC_post_roi_18_rgb.jpg,640,512,weeds,157,5,202,28
DPAC_post_roi_18_rgb.jpg,640,512,weeds,7,101,46,151
DPAC_post_roi_18_rgb.jpg,640,512,weeds,49,72,114,122
DPAC_post_roi_18_rgb.jpg,640,512,weeds,221,4,262,22
DPAC_post_roi_18_rgb.jpg,640,512,weeds,172,97,197,121
DPAC_post_roi_18_rgb.jpg,640,512,weeds,200,46,244,63
DPAC_post_roi_18_rgb.jpg,640,512,weeds,391,37,413,58
DPAC_post_roi_18_rgb.jpg,640,512,weeds,388,8,424,23
DPAC_post_roi_18_rgb.jpg,640,512,weeds,461,26,484,41
DPAC_post_roi_18_rgb.jpg,640,512,weeds,273,126,301,150
DPAC_post_roi_18_rgb.jpg,640,512,weeds,180,152,222,212
DPAC_post_roi_18_rgb.jpg,640,512,weeds,129,265,161,291
DPAC_post_roi_18_rgb.jpg,640,512,weeds,325,260,347,284
DPAC_post_roi_18_rgb.jpg,640,512,weeds,370,245,401,269
DPAC_post_roi_18_rgb.jpg,640,512,weeds,371,142,391,163
DPAC_post_roi_18_rgb.jpg,640,512,weeds,58,258,80,277
DPAC_post_roi_18_rgb.jpg,640,512,weeds,447,94,473,107
DPAC_post_roi_18_rgb.jpg,640,512,weeds,500,128,522,147
DPAC_post_roi_18_rgb.jpg,640,512,weeds,500,447,521,473
DPAC_post_roi_18_rgb.jpg,640,512,weeds,574,236,600,252
DPAC_post_roi_18_rgb.jpg,640,512,weeds,605,200,623,216
DPAC_post_roi_18_rgb.jpg,640,512,weeds,581,493,595,504
DPAC_post_roi_18_rgb.jpg,640,512,weeds,193,204,231,245
DPAC_post_roi_18_rgb.jpg,640,512,weeds,252,260,272,277
DPAC_post_roi_18_rgb.jpg,640,512,weeds,108,313,138,324
DPAC_post_roi_18_rgb.jpg,640,512,weeds,202,341,221,358
DPAC_post_roi_18_rgb.jpg,640,512,weeds,149,379,169,398
DPAC_post_roi_18_rgb.jpg,640,512,weeds,408,202,434,219
DPAC_post_roi_18_rgb.jpg,640,512,weeds,374,97,401,113
DPAC_post_roi_18_rgb.jpg,640,512,weeds,477,62,493,71
DPAC_post_roi_18_rgb.jpg,640,512,weeds,123,497,153,510
DPAC_post_roi_6_rgb.jpg,640,512,weeds,295,291,316,307
DPAC_post_roi_6_rgb.jpg,640,512,weeds,321,326,346,340
DPAC_post_roi_6_rgb.jpg,640,512,weeds,197,208,218,228
DPAC_post_roi_1_rgb.jpg,640,512,weeds,40,23,81,59
DPAC_post_roi_1_rgb.jpg,640,512,weeds,330,1,375,41
DPAC_post_roi_1_rgb.jpg,640,512,weeds,158,1,207,15
DPAC_post_roi_1_rgb.jpg,640,512,weeds,596,264,623,294
DPAC_post_roi_1_rgb.jpg,640,512,weeds,257,89,306,119
DPAC_post_roi_1_rgb.jpg,640,512,weeds,501,372,536,416
DPAC_post_roi_1_rgb.jpg,640,512,weeds,87,62,110,90
DPAC_post_roi_1_rgb.jpg,640,512,weeds,479,63,507,85
DPAC_post_roi_1_rgb.jpg,640,512,weeds,529,86,547,101
DPAC_post_roi_1_rgb.jpg,640,512,weeds,295,448,308,460
DPAC_post_roi_1_rgb.jpg,640,512,weeds,2,305,16,335
DPAC_post_roi_1_rgb.jpg,640,512,weeds,95,394,116,411
DPAC_post_roi_1_rgb.jpg,640,512,weeds,271,324,284,336
DPAC_post_roi_1_rgb.jpg,640,512,weeds,338,306,351,322
DPAC_post_roi_1_rgb.jpg,640,512,weeds,485,8,504,17
DPAC_post_roi_1_rgb.jpg,640,512,weeds,235,18,257,38
DPAC_post_roi_12_rgb.jpg,640,512,weeds,33,1,69,29
DPAC_post_roi_12_rgb.jpg,640,512,weeds,100,67,138,104
DPAC_post_roi_12_rgb.jpg,640,512,weeds,16,112,55,145
DPAC_post_roi_12_rgb.jpg,640,512,weeds,39,58,77,95
DPAC_post_roi_12_rgb.jpg,640,512,weeds,1,42,24,72
DPAC_post_roi_12_rgb.jpg,640,512,weeds,125,159,148,180
DPAC_post_roi_12_rgb.jpg,640,512,weeds,68,217,106,244
DPAC_post_roi_12_rgb.jpg,640,512,weeds,67,263,98,283
DPAC_post_roi_12_rgb.jpg,640,512,weeds,111,234,141,262
DPAC_post_roi_12_rgb.jpg,640,512,weeds,163,297,201,325
DPAC_post_roi_12_rgb.jpg,640,512,weeds,118,333,155,362
DPAC_post_roi_12_rgb.jpg,640,512,weeds,126,414,159,444
DPAC_post_roi_12_rgb.jpg,640,512,weeds,36,441,78,474
DPAC_post_roi_12_rgb.jpg,640,512,weeds,1,189,14,256
DPAC_post_roi_12_rgb.jpg,640,512,weeds,471,386,530,440
DPAC_post_roi_12_rgb.jpg,640,512,weeds,468,475,508,511
DPAC_post_roi_12_rgb.jpg,640,512,weeds,595,350,617,381
DPAC_post_roi_12_rgb.jpg,640,512,weeds,216,130,243,150
DPAC_post_roi_12_rgb.jpg,640,512,weeds,204,15,236,34
DPAC_post_roi_12_rgb.jpg,640,512,weeds,273,102,305,130
DPAC_post_roi_12_rgb.jpg,640,512,weeds,263,42,288,62
DPAC_post_roi_12_rgb.jpg,640,512,weeds,301,28,320,48
DPAC_post_roi_12_rgb.jpg,640,512,weeds,413,76,437,98
DPAC_post_roi_12_rgb.jpg,640,512,weeds,396,139,433,175
DPAC_post_roi_12_rgb.jpg,640,512,weeds,420,1,456,14
DPAC_post_roi_12_rgb.jpg,640,512,weeds,529,2,549,25
DPAC_post_roi_12_rgb.jpg,640,512,weeds,357,11,370,20
DPAC_post_roi_12_rgb.jpg,640,512,weeds,236,192,276,213
DPAC_post_roi_12_rgb.jpg,640,512,weeds,210,213,238,234
DPAC_post_roi_12_rgb.jpg,640,512,weeds,180,159,196,176
DPAC_post_roi_12_rgb.jpg,640,512,weeds,122,203,147,219
DPAC_post_roi_12_rgb.jpg,640,512,weeds,286,435,308,454
DPAC_post_roi_12_rgb.jpg,640,512,weeds,548,237,590,272
DPAC_post_roi_12_rgb.jpg,640,512,weeds,508,231,536,258
DPAC_post_roi_12_rgb.jpg,640,512,weeds,604,187,629,209
DPAC_post_roi_12_rgb.jpg,640,512,weeds,587,25,618,48
DPAC_post_roi_12_rgb.jpg,640,512,weeds,431,277,466,313
DPAC_post_roi_12_rgb.jpg,640,512,weeds,56,364,77,393
DPAC_post_roi_12_rgb.jpg,640,512,weeds,9,356,32,373
DPAC_post_roi_12_rgb.jpg,640,512,weeds,130,283,159,300
DPAC_post_roi_12_rgb.jpg,640,512,weeds,158,386,175,403
DPAC_post_roi_12_rgb.jpg,640,512,weeds,394,183,410,218
DPAC_post_roi_12_rgb.jpg,640,512,weeds,293,348,314,373
DPAC_post_roi_12_rgb.jpg,640,512,weeds,575,426,589,444
DPAC_post_roi_37_rgb.jpg,640,512,weeds,5,30,99,83
DPAC_post_roi_37_rgb.jpg,640,512,weeds,397,481,459,508
DPAC_post_roi_37_rgb.jpg,640,512,weeds,612,161,640,180
DPAC_post_roi_20_rgb.jpg,640,512,weeds,377,56,420,81
DPAC_post_roi_20_rgb.jpg,640,512,weeds,522,13,542,31
DPAC_post_roi_20_rgb.jpg,640,512,weeds,254,317,299,345
DPAC_post_roi_20_rgb.jpg,640,512,weeds,617,237,636,256
DPAC_post_roi_20_rgb.jpg,640,512,weeds,2,219,18,243
DPAC_post_roi_20_rgb.jpg,640,512,weeds,482,207,500,223
DPAC_post_roi_20_rgb.jpg,640,512,weeds,347,334,363,350
DPAC_post_roi_22_rgb.jpg,640,512,weeds,510,241,540,262
DPAC_post_roi_22_rgb.jpg,640,512,weeds,537,179,559,203
DPAC_post_roi_22_rgb.jpg,640,512,weeds,283,488,314,505
DPAC_post_roi_22_rgb.jpg,640,512,weeds,365,270,392,289
